"Età (classi funzionali)";"NIL (Nuclei di Identità Locale)";"Residenti"
"0-2 anni";"Duomo (1)";315
"0-2 anni";"Brera (2)";375
"0-2 anni";"Giardini P.ta Venezia (3)";1
"0-2 anni";"Guastalla (4)";313
"0-2 anni";"Porta Vigentina - Porta Lodovica (5)";264
"0-2 anni";"Porta Ticinese - Conca del Naviglio (6)";387
"0-2 anni";"Magenta - S.Vittore (7)";379
"0-2 anni";"Porta Garibaldi - Porta Nuova (9)";135
"0-2 anni";"Stazione Centrale - Ponte Seveso (10)";362
"0-2 anni";"Isola (11)";541
"0-2 anni";"Maciachini - Maggiolina (12)";497
"0-2 anni";"Greco - Segnano (13)";341
"0-2 anni";"Niguarda - Ca’ Granda - Prato Centenaro - Q.re Fulvio Testi (14)";654
"0-2 anni";"Bicocca (15)";213
"0-2 anni";"Gorla - Precotto (16)";648
"0-2 anni";"Adriano (17)";441
"0-2 anni";"Cimiano - Rottole - Q.re Feltre (18)";358
"0-2 anni";"Padova - Turro - Crescenzago (19)";805
"0-2 anni";"Loreto - Casoretto - NoLo (20)";908
"0-2 anni";"Buenos Aires - Porta Venezia - Porta Monforte (21)";1315
"0-2 anni";"Citta' studi (22)";698
"0-2 anni";"Lambrate - Ortica (23)";272
"0-2 anni";"Parco Forlanini - Cavriano (24)";37
"0-2 anni";"Corsica (25)";436
"0-2 anni";"XXII Marzo (26)";689
"0-2 anni";"Pta Romana (27)";369
"0-2 anni";"Umbria - Molise - Calvairate (28)";523
"0-2 anni";"Ortomercato (29)";84
"0-2 anni";"Taliedo - Morsenchio - Q.re Forlanini (30)";412
"0-2 anni";"Monlue' - Ponte Lambro (31)";120
"0-2 anni";"Triulzo Superiore (32)";53
"0-2 anni";"Rogoredo - Santa Giulia (33)";307
"0-2 anni";"Chiaravalle (34)";14
"0-2 anni";"Lodi - Corvetto (35)";811
"0-2 anni";"Scalo Romana (36)";296
"0-2 anni";"Morivione (37)";158
"0-2 anni";"Vigentino - Q.re Fatima (38)";356
"0-2 anni";"Quintosole (39)";4
"0-2 anni";"Ronchetto delle Rane (40)";14
"0-2 anni";"Gratosoglio - Q.re Missaglia - Q.re Terrazze (41)";340
"0-2 anni";"Stadera - Chiesa Rossa - Q.re Torretta - Conca Fallata (42)";593
"0-2 anni";"Tibaldi (43)";240
"0-2 anni";"Porta Ticinese - Conchetta (44)";360
"0-2 anni";"Moncucco - San Cristoforo (45)";307
"0-2 anni";"Barona (46)";321
"0-2 anni";"Cantalupa (47)";18
"0-2 anni";"Ronchetto sul Naviglio - Q.re Lodovico il Moro (48)";271
"0-2 anni";"Giambellino (49)";687
"0-2 anni";"Porta Genova (50)";301
"0-2 anni";"Porta Magenta (51)";566
"0-2 anni";"Bande Nere (52)";908
"0-2 anni";"Lorenteggio (53)";328
"0-2 anni";"Muggiano (54)";56
"0-2 anni";"Baggio - Q.re degli Olmi - Q.re Valsesia (55)";559
"0-2 anni";"Forze Armate (56)";479
"0-2 anni";"San Siro (57)";702
"0-2 anni";"De Angeli - Monte Rosa (58)";450
"0-2 anni";"Tre Torri (59)";64
"0-2 anni";"Stadio - Ippodromi (60)";226
"0-2 anni";"Quarto Cagnino (61)";202
"0-2 anni";"Quinto Romano (62)";69
"0-2 anni";"Figino (63)";63
"0-2 anni";"Trenno (64)";61
"0-2 anni";"Q.re Gallaratese - Q.re San Leonardo - Lampugnano (65)";541
"0-2 anni";"QT 8 (66)";78
"0-2 anni";"Portello (67)";225
"0-2 anni";"Pagano (68)";359
"0-2 anni";"Sarpi (69)";694
"0-2 anni";"Ghisolfa (70)";424
"0-2 anni";"Villapizzone - Cagnola - Boldinasco (71)";928
"0-2 anni";"Maggiore - Musocco - Certosa (72)";297
"0-2 anni";"Cascina Merlata (73)";3
"0-2 anni";"Roserio (74)";3
"0-2 anni";"Stephenson (75)";2
"0-2 anni";"Quarto Oggiaro - Vialba - Musocco (76)";597
"0-2 anni";"Bovisa (77)";311
"0-2 anni";"Farini (78)";80
"0-2 anni";"Dergano (79)";530
"0-2 anni";"Affori (80)";544
"0-2 anni";"Bovisasca (81)";148
"0-2 anni";"Comasina (82)";257
"0-2 anni";"Bruzzano (83)";270
"0-2 anni";"Parco delle Abbazie (85)";18
"0-2 anni";"Parco dei Navigli (86)";18
"0-2 anni";"Assiano (87)";2
"0-2 anni";"Parco Bosco in citta' (88)";15
"3-5 anni";"Duomo (1)";346
"3-5 anni";"Brera (2)";432
"3-5 anni";"Giardini P.ta Venezia (3)";1
"3-5 anni";"Guastalla (4)";329
"3-5 anni";"Porta Vigentina - Porta Lodovica (5)";272
"3-5 anni";"Porta Ticinese - Conca del Naviglio (6)";407
"3-5 anni";"Magenta - S.Vittore (7)";438
"3-5 anni";"Porta Garibaldi - Porta Nuova (9)";139
"3-5 anni";"Stazione Centrale - Ponte Seveso (10)";370
"3-5 anni";"Isola (11)";537
"3-5 anni";"Maciachini - Maggiolina (12)";563
"3-5 anni";"Greco - Segnano (13)";403
"3-5 anni";"Niguarda - Ca’ Granda - Prato Centenaro - Q.re Fulvio Testi (14)";736
"3-5 anni";"Bicocca (15)";271
"3-5 anni";"Gorla - Precotto (16)";727
"3-5 anni";"Adriano (17)";490
"3-5 anni";"Cimiano - Rottole - Q.re Feltre (18)";434
"3-5 anni";"Padova - Turro - Crescenzago (19)";882
"3-5 anni";"Loreto - Casoretto - NoLo (20)";947
"3-5 anni";"Buenos Aires - Porta Venezia - Porta Monforte (21)";1363
"3-5 anni";"Citta' studi (22)";713
"3-5 anni";"Lambrate - Ortica (23)";324
"3-5 anni";"Parco Forlanini - Cavriano (24)";34
"3-5 anni";"Corsica (25)";463
"3-5 anni";"XXII Marzo (26)";718
"3-5 anni";"Pta Romana (27)";384
"3-5 anni";"Umbria - Molise - Calvairate (28)";591
"3-5 anni";"Ortomercato (29)";103
"3-5 anni";"Taliedo - Morsenchio - Q.re Forlanini (30)";476
"3-5 anni";"Monlue' - Ponte Lambro (31)";146
"3-5 anni";"Triulzo Superiore (32)";64
"3-5 anni";"Rogoredo - Santa Giulia (33)";334
"3-5 anni";"Chiaravalle (34)";12
"3-5 anni";"Lodi - Corvetto (35)";884
"3-5 anni";"Scalo Romana (36)";325
"3-5 anni";"Morivione (37)";161
"3-5 anni";"Vigentino - Q.re Fatima (38)";400
"3-5 anni";"Quintosole (39)";5
"3-5 anni";"Ronchetto delle Rane (40)";13
"3-5 anni";"Gratosoglio - Q.re Missaglia - Q.re Terrazze (41)";369
"3-5 anni";"Stadera - Chiesa Rossa - Q.re Torretta - Conca Fallata (42)";655
"3-5 anni";"Tibaldi (43)";226
"3-5 anni";"Porta Ticinese - Conchetta (44)";433
"3-5 anni";"Moncucco - San Cristoforo (45)";356
"3-5 anni";"Barona (46)";346
"3-5 anni";"Cantalupa (47)";18
"3-5 anni";"Ronchetto sul Naviglio - Q.re Lodovico il Moro (48)";277
"3-5 anni";"Giambellino (49)";763
"3-5 anni";"Porta Genova (50)";339
"3-5 anni";"Porta Magenta (51)";619
"3-5 anni";"Bande Nere (52)";1001
"3-5 anni";"Lorenteggio (53)";370
"3-5 anni";"Muggiano (54)";64
"3-5 anni";"Baggio - Q.re degli Olmi - Q.re Valsesia (55)";725
"3-5 anni";"Forze Armate (56)";631
"3-5 anni";"San Siro (57)";797
"3-5 anni";"De Angeli - Monte Rosa (58)";516
"3-5 anni";"Tre Torri (59)";77
"3-5 anni";"Stadio - Ippodromi (60)";290
"3-5 anni";"Quarto Cagnino (61)";240
"3-5 anni";"Quinto Romano (62)";69
"3-5 anni";"Figino (63)";84
"3-5 anni";"Trenno (64)";77
"3-5 anni";"Q.re Gallaratese - Q.re San Leonardo - Lampugnano (65)";649
"3-5 anni";"QT 8 (66)";94
"3-5 anni";"Portello (67)";256
"3-5 anni";"Pagano (68)";432
"3-5 anni";"Sarpi (69)";826
"3-5 anni";"Ghisolfa (70)";444
"3-5 anni";"Villapizzone - Cagnola - Boldinasco (71)";1009
"3-5 anni";"Maggiore - Musocco - Certosa (72)";234
"3-5 anni";"Roserio (74)";3
"3-5 anni";"Stephenson (75)";5
"3-5 anni";"Quarto Oggiaro - Vialba - Musocco (76)";744
"3-5 anni";"Bovisa (77)";363
"3-5 anni";"Farini (78)";87
"3-5 anni";"Dergano (79)";601
"3-5 anni";"Affori (80)";643
"3-5 anni";"Bovisasca (81)";172
"3-5 anni";"Comasina (82)";287
"3-5 anni";"Bruzzano (83)";335
"3-5 anni";"Parco Nord (84)";2
"3-5 anni";"Parco delle Abbazie (85)";27
"3-5 anni";"Parco dei Navigli (86)";9
"3-5 anni";"Assiano (87)";8
"3-5 anni";"Parco Bosco in citta' (88)";19
"6-10 anni";"Duomo (1)";729
"6-10 anni";"Brera (2)";780
"6-10 anni";"Giardini P.ta Venezia (3)";2
"6-10 anni";"Guastalla (4)";625
"6-10 anni";"Porta Vigentina - Porta Lodovica (5)";566
"6-10 anni";"Porta Ticinese - Conca del Naviglio (6)";689
"6-10 anni";"Magenta - S.Vittore (7)";792
"6-10 anni";"Porta Garibaldi - Porta Nuova (9)";229
"6-10 anni";"Stazione Centrale - Ponte Seveso (10)";658
"6-10 anni";"Isola (11)";851
"6-10 anni";"Maciachini - Maggiolina (12)";981
"6-10 anni";"Greco - Segnano (13)";691
"6-10 anni";"Niguarda - Ca’ Granda - Prato Centenaro - Q.re Fulvio Testi (14)";1443
"6-10 anni";"Bicocca (15)";404
"6-10 anni";"Gorla - Precotto (16)";1272
"6-10 anni";"Adriano (17)";834
"6-10 anni";"Cimiano - Rottole - Q.re Feltre (18)";736
"6-10 anni";"Padova - Turro - Crescenzago (19)";1535
"6-10 anni";"Loreto - Casoretto - NoLo (20)";1601
"6-10 anni";"Buenos Aires - Porta Venezia - Porta Monforte (21)";2345
"6-10 anni";"Citta' studi (22)";1286
"6-10 anni";"Lambrate - Ortica (23)";532
"6-10 anni";"Parco Forlanini - Cavriano (24)";58
"6-10 anni";"Corsica (25)";798
"6-10 anni";"XXII Marzo (26)";1324
"6-10 anni";"Pta Romana (27)";628
"6-10 anni";"Umbria - Molise - Calvairate (28)";905
"6-10 anni";"Ortomercato (29)";176
"6-10 anni";"Taliedo - Morsenchio - Q.re Forlanini (30)";801
"6-10 anni";"Monlue' - Ponte Lambro (31)";257
"6-10 anni";"Triulzo Superiore (32)";89
"6-10 anni";"Rogoredo - Santa Giulia (33)";633
"6-10 anni";"Chiaravalle (34)";30
"6-10 anni";"Lodi - Corvetto (35)";1571
"6-10 anni";"Scalo Romana (36)";481
"6-10 anni";"Morivione (37)";304
"6-10 anni";"Vigentino - Q.re Fatima (38)";695
"6-10 anni";"Quintosole (39)";13
"6-10 anni";"Ronchetto delle Rane (40)";22
"6-10 anni";"Gratosoglio - Q.re Missaglia - Q.re Terrazze (41)";774
"6-10 anni";"Stadera - Chiesa Rossa - Q.re Torretta - Conca Fallata (42)";1234
"6-10 anni";"Tibaldi (43)";377
"6-10 anni";"Porta Ticinese - Conchetta (44)";752
"6-10 anni";"Moncucco - San Cristoforo (45)";555
"6-10 anni";"Barona (46)";657
"6-10 anni";"Cantalupa (47)";25
"6-10 anni";"Ronchetto sul Naviglio - Q.re Lodovico il Moro (48)";616
"6-10 anni";"Giambellino (49)";1348
"6-10 anni";"Porta Genova (50)";617
"6-10 anni";"Porta Magenta (51)";1138
"6-10 anni";"Bande Nere (52)";1619
"6-10 anni";"Lorenteggio (53)";582
"6-10 anni";"Muggiano (54)";181
"6-10 anni";"Baggio - Q.re degli Olmi - Q.re Valsesia (55)";1249
"6-10 anni";"Forze Armate (56)";1198
"6-10 anni";"San Siro (57)";1357
"6-10 anni";"De Angeli - Monte Rosa (58)";843
"6-10 anni";"Tre Torri (59)";142
"6-10 anni";"Stadio - Ippodromi (60)";591
"6-10 anni";"Quarto Cagnino (61)";417
"6-10 anni";"Quinto Romano (62)";175
"6-10 anni";"Figino (63)";153
"6-10 anni";"Trenno (64)";113
"6-10 anni";"Q.re Gallaratese - Q.re San Leonardo - Lampugnano (65)";1192
"6-10 anni";"QT 8 (66)";192
"6-10 anni";"Portello (67)";376
"6-10 anni";"Pagano (68)";826
"6-10 anni";"Sarpi (69)";1489
"6-10 anni";"Ghisolfa (70)";776
"6-10 anni";"Villapizzone - Cagnola - Boldinasco (71)";1843
"6-10 anni";"Maggiore - Musocco - Certosa (72)";372
"6-10 anni";"Cascina Merlata (73)";9
"6-10 anni";"Roserio (74)";12
"6-10 anni";"Stephenson (75)";6
"6-10 anni";"Quarto Oggiaro - Vialba - Musocco (76)";1437
"6-10 anni";"Bovisa (77)";597
"6-10 anni";"Farini (78)";134
"6-10 anni";"Dergano (79)";999
"6-10 anni";"Affori (80)";1179
"6-10 anni";"Bovisasca (81)";280
"6-10 anni";"Comasina (82)";492
"6-10 anni";"Bruzzano (83)";622
"6-10 anni";"Parco Nord (84)";4
"6-10 anni";"Parco delle Abbazie (85)";43
"6-10 anni";"Parco dei Navigli (86)";19
"6-10 anni";"Assiano (87)";10
"6-10 anni";"Parco Bosco in citta' (88)";45
"11-13 anni";"Duomo (1)";484
"11-13 anni";"Brera (2)";465
"11-13 anni";"Giardini P.ta Venezia (3)";2
"11-13 anni";"Guastalla (4)";427
"11-13 anni";"Porta Vigentina - Porta Lodovica (5)";397
"11-13 anni";"Porta Ticinese - Conca del Naviglio (6)";450
"11-13 anni";"Magenta - S.Vittore (7)";565
"11-13 anni";"Porta Garibaldi - Porta Nuova (9)";127
"11-13 anni";"Stazione Centrale - Ponte Seveso (10)";412
"11-13 anni";"Isola (11)";524
"11-13 anni";"Maciachini - Maggiolina (12)";631
"11-13 anni";"Greco - Segnano (13)";435
"11-13 anni";"Niguarda - Ca’ Granda - Prato Centenaro - Q.re Fulvio Testi (14)";948
"11-13 anni";"Bicocca (15)";238
"11-13 anni";"Gorla - Precotto (16)";754
"11-13 anni";"Adriano (17)";554
"11-13 anni";"Cimiano - Rottole - Q.re Feltre (18)";480
"11-13 anni";"Padova - Turro - Crescenzago (19)";958
"11-13 anni";"Loreto - Casoretto - NoLo (20)";980
"11-13 anni";"Buenos Aires - Porta Venezia - Porta Monforte (21)";1564
"11-13 anni";"Citta' studi (22)";812
"11-13 anni";"Lambrate - Ortica (23)";371
"11-13 anni";"Parco Forlanini - Cavriano (24)";31
"11-13 anni";"Corsica (25)";489
"11-13 anni";"XXII Marzo (26)";801
"11-13 anni";"Pta Romana (27)";369
"11-13 anni";"Umbria - Molise - Calvairate (28)";547
"11-13 anni";"Ortomercato (29)";97
"11-13 anni";"Taliedo - Morsenchio - Q.re Forlanini (30)";541
"11-13 anni";"Monlue' - Ponte Lambro (31)";166
"11-13 anni";"Triulzo Superiore (32)";53
"11-13 anni";"Rogoredo - Santa Giulia (33)";420
"11-13 anni";"Chiaravalle (34)";16
"11-13 anni";"Lodi - Corvetto (35)";918
"11-13 anni";"Scalo Romana (36)";337
"11-13 anni";"Morivione (37)";225
"11-13 anni";"Vigentino - Q.re Fatima (38)";426
"11-13 anni";"Quintosole (39)";9
"11-13 anni";"Ronchetto delle Rane (40)";27
"11-13 anni";"Gratosoglio - Q.re Missaglia - Q.re Terrazze (41)";591
"11-13 anni";"Stadera - Chiesa Rossa - Q.re Torretta - Conca Fallata (42)";811
"11-13 anni";"Tibaldi (43)";267
"11-13 anni";"Porta Ticinese - Conchetta (44)";430
"11-13 anni";"Moncucco - San Cristoforo (45)";337
"11-13 anni";"Barona (46)";426
"11-13 anni";"Cantalupa (47)";16
"11-13 anni";"Ronchetto sul Naviglio - Q.re Lodovico il Moro (48)";359
"11-13 anni";"Giambellino (49)";843
"11-13 anni";"Porta Genova (50)";413
"11-13 anni";"Porta Magenta (51)";764
"11-13 anni";"Bande Nere (52)";951
"11-13 anni";"Lorenteggio (53)";387
"11-13 anni";"Muggiano (54)";116
"11-13 anni";"Baggio - Q.re degli Olmi - Q.re Valsesia (55)";824
"11-13 anni";"Forze Armate (56)";671
"11-13 anni";"San Siro (57)";748
"11-13 anni";"De Angeli - Monte Rosa (58)";537
"11-13 anni";"Tre Torri (59)";108
"11-13 anni";"Stadio - Ippodromi (60)";420
"11-13 anni";"Quarto Cagnino (61)";305
"11-13 anni";"Quinto Romano (62)";113
"11-13 anni";"Figino (63)";69
"11-13 anni";"Trenno (64)";88
"11-13 anni";"Q.re Gallaratese - Q.re San Leonardo - Lampugnano (65)";791
"11-13 anni";"QT 8 (66)";122
"11-13 anni";"Portello (67)";250
"11-13 anni";"Pagano (68)";585
"11-13 anni";"Sarpi (69)";902
"11-13 anni";"Ghisolfa (70)";466
"11-13 anni";"Villapizzone - Cagnola - Boldinasco (71)";1126
"11-13 anni";"Maggiore - Musocco - Certosa (72)";190
"11-13 anni";"Cascina Merlata (73)";4
"11-13 anni";"Roserio (74)";4
"11-13 anni";"Stephenson (75)";4
"11-13 anni";"Quarto Oggiaro - Vialba - Musocco (76)";919
"11-13 anni";"Bovisa (77)";347
"11-13 anni";"Farini (78)";89
"11-13 anni";"Dergano (79)";694
"11-13 anni";"Affori (80)";720
"11-13 anni";"Bovisasca (81)";189
"11-13 anni";"Comasina (82)";282
"11-13 anni";"Bruzzano (83)";384
"11-13 anni";"Parco Nord (84)";6
"11-13 anni";"Parco delle Abbazie (85)";19
"11-13 anni";"Parco dei Navigli (86)";8
"11-13 anni";"Assiano (87)";9
"11-13 anni";"Parco Bosco in citta' (88)";25
"14-18 anni";"Duomo (1)";881
"14-18 anni";"Brera (2)";840
"14-18 anni";"Giardini P.ta Venezia (3)";2
"14-18 anni";"Guastalla (4)";701
"14-18 anni";"Porta Vigentina - Porta Lodovica (5)";646
"14-18 anni";"Porta Ticinese - Conca del Naviglio (6)";795
"14-18 anni";"Magenta - S.Vittore (7)";989
"14-18 anni";"Porta Garibaldi - Porta Nuova (9)";182
"14-18 anni";"Stazione Centrale - Ponte Seveso (10)";685
"14-18 anni";"Isola (11)";817
"14-18 anni";"Maciachini - Maggiolina (12)";1062
"14-18 anni";"Greco - Segnano (13)";680
"14-18 anni";"Niguarda - Ca’ Granda - Prato Centenaro - Q.re Fulvio Testi (14)";1604
"14-18 anni";"Bicocca (15)";415
"14-18 anni";"Gorla - Precotto (16)";1223
"14-18 anni";"Adriano (17)";842
"14-18 anni";"Cimiano - Rottole - Q.re Feltre (18)";810
"14-18 anni";"Padova - Turro - Crescenzago (19)";1479
"14-18 anni";"Loreto - Casoretto - NoLo (20)";1596
"14-18 anni";"Buenos Aires - Porta Venezia - Porta Monforte (21)";2600
"14-18 anni";"Citta' studi (22)";1358
"14-18 anni";"Lambrate - Ortica (23)";522
"14-18 anni";"Parco Forlanini - Cavriano (24)";47
"14-18 anni";"Corsica (25)";716
"14-18 anni";"XXII Marzo (26)";1378
"14-18 anni";"Pta Romana (27)";629
"14-18 anni";"Umbria - Molise - Calvairate (28)";914
"14-18 anni";"Ortomercato (29)";164
"14-18 anni";"Taliedo - Morsenchio - Q.re Forlanini (30)";834
"14-18 anni";"Monlue' - Ponte Lambro (31)";272
"14-18 anni";"Triulzo Superiore (32)";77
"14-18 anni";"Rogoredo - Santa Giulia (33)";616
"14-18 anni";"Chiaravalle (34)";47
"14-18 anni";"Lodi - Corvetto (35)";1548
"14-18 anni";"Scalo Romana (36)";521
"14-18 anni";"Morivione (37)";374
"14-18 anni";"Vigentino - Q.re Fatima (38)";655
"14-18 anni";"Quintosole (39)";13
"14-18 anni";"Ronchetto delle Rane (40)";56
"14-18 anni";"Gratosoglio - Q.re Missaglia - Q.re Terrazze (41)";997
"14-18 anni";"Stadera - Chiesa Rossa - Q.re Torretta - Conca Fallata (42)";1309
"14-18 anni";"Tibaldi (43)";394
"14-18 anni";"Porta Ticinese - Conchetta (44)";576
"14-18 anni";"Moncucco - San Cristoforo (45)";612
"14-18 anni";"Barona (46)";789
"14-18 anni";"Cantalupa (47)";31
"14-18 anni";"Ronchetto sul Naviglio - Q.re Lodovico il Moro (48)";598
"14-18 anni";"Giambellino (49)";1409
"14-18 anni";"Porta Genova (50)";726
"14-18 anni";"Porta Magenta (51)";1316
"14-18 anni";"Bande Nere (52)";1755
"14-18 anni";"Lorenteggio (53)";718
"14-18 anni";"Muggiano (54)";214
"14-18 anni";"Baggio - Q.re degli Olmi - Q.re Valsesia (55)";1435
"14-18 anni";"Forze Armate (56)";1158
"14-18 anni";"San Siro (57)";1208
"14-18 anni";"De Angeli - Monte Rosa (58)";968
"14-18 anni";"Tre Torri (59)";165
"14-18 anni";"Stadio - Ippodromi (60)";789
"14-18 anni";"Quarto Cagnino (61)";461
"14-18 anni";"Quinto Romano (62)";197
"14-18 anni";"Figino (63)";122
"14-18 anni";"Trenno (64)";170
"14-18 anni";"Q.re Gallaratese - Q.re San Leonardo - Lampugnano (65)";1398
"14-18 anni";"QT 8 (66)";189
"14-18 anni";"Portello (67)";365
"14-18 anni";"Pagano (68)";992
"14-18 anni";"Sarpi (69)";1303
"14-18 anni";"Ghisolfa (70)";780
"14-18 anni";"Villapizzone - Cagnola - Boldinasco (71)";1826
"14-18 anni";"Maggiore - Musocco - Certosa (72)";294
"14-18 anni";"Cascina Merlata (73)";8
"14-18 anni";"Roserio (74)";10
"14-18 anni";"Stephenson (75)";3
"14-18 anni";"Quarto Oggiaro - Vialba - Musocco (76)";1610
"14-18 anni";"Bovisa (77)";541
"14-18 anni";"Farini (78)";131
"14-18 anni";"Dergano (79)";1002
"14-18 anni";"Affori (80)";1076
"14-18 anni";"Bovisasca (81)";340
"14-18 anni";"Comasina (82)";435
"14-18 anni";"Bruzzano (83)";590
"14-18 anni";"Parco Nord (84)";5
"14-18 anni";"Parco delle Abbazie (85)";28
"14-18 anni";"Parco dei Navigli (86)";13
"14-18 anni";"Assiano (87)";7
"14-18 anni";"Parco Bosco in citta' (88)";57
"19-24 anni";"Duomo (1)";1053
"19-24 anni";"Brera (2)";955
"19-24 anni";"Giardini P.ta Venezia (3)";2
"19-24 anni";"Guastalla (4)";923
"19-24 anni";"Porta Vigentina - Porta Lodovica (5)";935
"19-24 anni";"Porta Ticinese - Conca del Naviglio (6)";1152
"19-24 anni";"Magenta - S.Vittore (7)";1117
"19-24 anni";"Porta Garibaldi - Porta Nuova (9)";280
"19-24 anni";"Stazione Centrale - Ponte Seveso (10)";1138
"19-24 anni";"Isola (11)";1074
"19-24 anni";"Maciachini - Maggiolina (12)";1349
"19-24 anni";"Greco - Segnano (13)";821
"19-24 anni";"Niguarda - Ca’ Granda - Prato Centenaro - Q.re Fulvio Testi (14)";1926
"19-24 anni";"Bicocca (15)";429
"19-24 anni";"Gorla - Precotto (16)";1429
"19-24 anni";"Adriano (17)";1176
"19-24 anni";"Cimiano - Rottole - Q.re Feltre (18)";1070
"19-24 anni";"Padova - Turro - Crescenzago (19)";2085
"19-24 anni";"Loreto - Casoretto - NoLo (20)";2470
"19-24 anni";"Buenos Aires - Porta Venezia - Porta Monforte (21)";3325
"19-24 anni";"Citta' studi (22)";1825
"19-24 anni";"Lambrate - Ortica (23)";562
"19-24 anni";"Parco Forlanini - Cavriano (24)";380
"19-24 anni";"Corsica (25)";936
"19-24 anni";"XXII Marzo (26)";1645
"19-24 anni";"Pta Romana (27)";776
"19-24 anni";"Umbria - Molise - Calvairate (28)";1074
"19-24 anni";"Ortomercato (29)";216
"19-24 anni";"Taliedo - Morsenchio - Q.re Forlanini (30)";1069
"19-24 anni";"Monlue' - Ponte Lambro (31)";489
"19-24 anni";"Triulzo Superiore (32)";95
"19-24 anni";"Rogoredo - Santa Giulia (33)";571
"19-24 anni";"Chiaravalle (34)";52
"19-24 anni";"Lodi - Corvetto (35)";2080
"19-24 anni";"Scalo Romana (36)";634
"19-24 anni";"Morivione (37)";481
"19-24 anni";"Vigentino - Q.re Fatima (38)";775
"19-24 anni";"Quintosole (39)";36
"19-24 anni";"Ronchetto delle Rane (40)";68
"19-24 anni";"Gratosoglio - Q.re Missaglia - Q.re Terrazze (41)";1284
"19-24 anni";"Stadera - Chiesa Rossa - Q.re Torretta - Conca Fallata (42)";1621
"19-24 anni";"Tibaldi (43)";536
"19-24 anni";"Porta Ticinese - Conchetta (44)";768
"19-24 anni";"Moncucco - San Cristoforo (45)";749
"19-24 anni";"Barona (46)";958
"19-24 anni";"Cantalupa (47)";33
"19-24 anni";"Ronchetto sul Naviglio - Q.re Lodovico il Moro (48)";752
"19-24 anni";"Giambellino (49)";1724
"19-24 anni";"Porta Genova (50)";800
"19-24 anni";"Porta Magenta (51)";1422
"19-24 anni";"Bande Nere (52)";2279
"19-24 anni";"Lorenteggio (53)";791
"19-24 anni";"Muggiano (54)";224
"19-24 anni";"Baggio - Q.re degli Olmi - Q.re Valsesia (55)";1829
"19-24 anni";"Forze Armate (56)";1397
"19-24 anni";"San Siro (57)";1463
"19-24 anni";"De Angeli - Monte Rosa (58)";1131
"19-24 anni";"Tre Torri (59)";139
"19-24 anni";"Stadio - Ippodromi (60)";900
"19-24 anni";"Quarto Cagnino (61)";521
"19-24 anni";"Quinto Romano (62)";282
"19-24 anni";"Figino (63)";138
"19-24 anni";"Trenno (64)";221
"19-24 anni";"Q.re Gallaratese - Q.re San Leonardo - Lampugnano (65)";1805
"19-24 anni";"QT 8 (66)";230
"19-24 anni";"Portello (67)";409
"19-24 anni";"Pagano (68)";1121
"19-24 anni";"Sarpi (69)";1349
"19-24 anni";"Ghisolfa (70)";822
"19-24 anni";"Villapizzone - Cagnola - Boldinasco (71)";2277
"19-24 anni";"Maggiore - Musocco - Certosa (72)";328
"19-24 anni";"Cascina Merlata (73)";13
"19-24 anni";"Roserio (74)";13
"19-24 anni";"Stephenson (75)";5
"19-24 anni";"Quarto Oggiaro - Vialba - Musocco (76)";2104
"19-24 anni";"Bovisa (77)";777
"19-24 anni";"Farini (78)";205
"19-24 anni";"Dergano (79)";1463
"19-24 anni";"Affori (80)";1395
"19-24 anni";"Bovisasca (81)";434
"19-24 anni";"Comasina (82)";628
"19-24 anni";"Bruzzano (83)";672
"19-24 anni";"Parco Nord (84)";5
"19-24 anni";"Parco delle Abbazie (85)";26
"19-24 anni";"Parco dei Navigli (86)";26
"19-24 anni";"Assiano (87)";9
"19-24 anni";"Parco Bosco in citta' (88)";34
"25-34 anni";"Duomo (1)";2035
"25-34 anni";"Brera (2)";2011
"25-34 anni";"Giardini P.ta Venezia (3)";6
"25-34 anni";"Guastalla (4)";1674
"25-34 anni";"Porta Vigentina - Porta Lodovica (5)";1711
"25-34 anni";"Porta Ticinese - Conca del Naviglio (6)";3067
"25-34 anni";"Magenta - S.Vittore (7)";2075
"25-34 anni";"Porta Garibaldi - Porta Nuova (9)";934
"25-34 anni";"Stazione Centrale - Ponte Seveso (10)";3069
"25-34 anni";"Isola (11)";3228
"25-34 anni";"Maciachini - Maggiolina (12)";3320
"25-34 anni";"Greco - Segnano (13)";2175
"25-34 anni";"Niguarda - Ca’ Granda - Prato Centenaro - Q.re Fulvio Testi (14)";4032
"25-34 anni";"Bicocca (15)";1188
"25-34 anni";"Gorla - Precotto (16)";3881
"25-34 anni";"Adriano (17)";2424
"25-34 anni";"Cimiano - Rottole - Q.re Feltre (18)";2313
"25-34 anni";"Padova - Turro - Crescenzago (19)";4907
"25-34 anni";"Loreto - Casoretto - NoLo (20)";6831
"25-34 anni";"Buenos Aires - Porta Venezia - Porta Monforte (21)";7997
"25-34 anni";"Citta' studi (22)";4905
"25-34 anni";"Lambrate - Ortica (23)";1641
"25-34 anni";"Parco Forlanini - Cavriano (24)";758
"25-34 anni";"Corsica (25)";2353
"25-34 anni";"XXII Marzo (26)";3599
"25-34 anni";"Pta Romana (27)";2342
"25-34 anni";"Umbria - Molise - Calvairate (28)";2846
"25-34 anni";"Ortomercato (29)";584
"25-34 anni";"Taliedo - Morsenchio - Q.re Forlanini (30)";2101
"25-34 anni";"Monlue' - Ponte Lambro (31)";782
"25-34 anni";"Triulzo Superiore (32)";229
"25-34 anni";"Rogoredo - Santa Giulia (33)";1389
"25-34 anni";"Chiaravalle (34)";102
"25-34 anni";"Lodi - Corvetto (35)";4441
"25-34 anni";"Scalo Romana (36)";1801
"25-34 anni";"Morivione (37)";987
"25-34 anni";"Vigentino - Q.re Fatima (38)";1633
"25-34 anni";"Quintosole (39)";134
"25-34 anni";"Ronchetto delle Rane (40)";80
"25-34 anni";"Gratosoglio - Q.re Missaglia - Q.re Terrazze (41)";1781
"25-34 anni";"Stadera - Chiesa Rossa - Q.re Torretta - Conca Fallata (42)";3500
"25-34 anni";"Tibaldi (43)";1766
"25-34 anni";"Porta Ticinese - Conchetta (44)";2599
"25-34 anni";"Moncucco - San Cristoforo (45)";1813
"25-34 anni";"Barona (46)";1711
"25-34 anni";"Cantalupa (47)";75
"25-34 anni";"Ronchetto sul Naviglio - Q.re Lodovico il Moro (48)";1527
"25-34 anni";"Giambellino (49)";3621
"25-34 anni";"Porta Genova (50)";1861
"25-34 anni";"Porta Magenta (51)";2939
"25-34 anni";"Bande Nere (52)";5166
"25-34 anni";"Lorenteggio (53)";1598
"25-34 anni";"Muggiano (54)";280
"25-34 anni";"Baggio - Q.re degli Olmi - Q.re Valsesia (55)";3066
"25-34 anni";"Forze Armate (56)";2491
"25-34 anni";"San Siro (57)";3163
"25-34 anni";"De Angeli - Monte Rosa (58)";2601
"25-34 anni";"Tre Torri (59)";207
"25-34 anni";"Stadio - Ippodromi (60)";1291
"25-34 anni";"Quarto Cagnino (61)";926
"25-34 anni";"Quinto Romano (62)";468
"25-34 anni";"Figino (63)";302
"25-34 anni";"Trenno (64)";395
"25-34 anni";"Q.re Gallaratese - Q.re San Leonardo - Lampugnano (65)";3057
"25-34 anni";"QT 8 (66)";455
"25-34 anni";"Portello (67)";1004
"25-34 anni";"Pagano (68)";1674
"25-34 anni";"Sarpi (69)";3742
"25-34 anni";"Ghisolfa (70)";2277
"25-34 anni";"Villapizzone - Cagnola - Boldinasco (71)";5120
"25-34 anni";"Maggiore - Musocco - Certosa (72)";1270
"25-34 anni";"Cascina Merlata (73)";144
"25-34 anni";"Roserio (74)";33
"25-34 anni";"Stephenson (75)";30
"25-34 anni";"Quarto Oggiaro - Vialba - Musocco (76)";3338
"25-34 anni";"Bovisa (77)";2284
"25-34 anni";"Farini (78)";530
"25-34 anni";"Dergano (79)";3445
"25-34 anni";"Affori (80)";3326
"25-34 anni";"Bovisasca (81)";847
"25-34 anni";"Comasina (82)";1273
"25-34 anni";"Bruzzano (83)";1298
"25-34 anni";"Parco Nord (84)";12
"25-34 anni";"Parco delle Abbazie (85)";54
"25-34 anni";"Parco dei Navigli (86)";65
"25-34 anni";"Assiano (87)";23
"25-34 anni";"Parco Bosco in citta' (88)";84
"35-44 anni";"Duomo (1)";1965
"35-44 anni";"Brera (2)";2239
"35-44 anni";"Giardini P.ta Venezia (3)";3
"35-44 anni";"Guastalla (4)";1835
"35-44 anni";"Porta Vigentina - Porta Lodovica (5)";1597
"35-44 anni";"Porta Ticinese - Conca del Naviglio (6)";2854
"35-44 anni";"Magenta - S.Vittore (7)";2115
"35-44 anni";"Porta Garibaldi - Porta Nuova (9)";902
"35-44 anni";"Stazione Centrale - Ponte Seveso (10)";2856
"35-44 anni";"Isola (11)";3860
"35-44 anni";"Maciachini - Maggiolina (12)";3606
"35-44 anni";"Greco - Segnano (13)";2482
"35-44 anni";"Niguarda - Ca’ Granda - Prato Centenaro - Q.re Fulvio Testi (14)";4336
"35-44 anni";"Bicocca (15)";1458
"35-44 anni";"Gorla - Precotto (16)";4609
"35-44 anni";"Adriano (17)";2803
"35-44 anni";"Cimiano - Rottole - Q.re Feltre (18)";2502
"35-44 anni";"Padova - Turro - Crescenzago (19)";5959
"35-44 anni";"Loreto - Casoretto - NoLo (20)";7828
"35-44 anni";"Buenos Aires - Porta Venezia - Porta Monforte (21)";8725
"35-44 anni";"Citta' studi (22)";5125
"35-44 anni";"Lambrate - Ortica (23)";2057
"35-44 anni";"Parco Forlanini - Cavriano (24)";358
"35-44 anni";"Corsica (25)";2843
"35-44 anni";"XXII Marzo (26)";4155
"35-44 anni";"Pta Romana (27)";2585
"35-44 anni";"Umbria - Molise - Calvairate (28)";3533
"35-44 anni";"Ortomercato (29)";689
"35-44 anni";"Taliedo - Morsenchio - Q.re Forlanini (30)";2440
"35-44 anni";"Monlue' - Ponte Lambro (31)";749
"35-44 anni";"Triulzo Superiore (32)";332
"35-44 anni";"Rogoredo - Santa Giulia (33)";1842
"35-44 anni";"Chiaravalle (34)";121
"35-44 anni";"Lodi - Corvetto (35)";5198
"35-44 anni";"Scalo Romana (36)";2096
"35-44 anni";"Morivione (37)";1047
"35-44 anni";"Vigentino - Q.re Fatima (38)";2185
"35-44 anni";"Quintosole (39)";148
"35-44 anni";"Ronchetto delle Rane (40)";59
"35-44 anni";"Gratosoglio - Q.re Missaglia - Q.re Terrazze (41)";1727
"35-44 anni";"Stadera - Chiesa Rossa - Q.re Torretta - Conca Fallata (42)";4195
"35-44 anni";"Tibaldi (43)";1740
"35-44 anni";"Porta Ticinese - Conchetta (44)";2898
"35-44 anni";"Moncucco - San Cristoforo (45)";2116
"35-44 anni";"Barona (46)";1690
"35-44 anni";"Cantalupa (47)";74
"35-44 anni";"Ronchetto sul Naviglio - Q.re Lodovico il Moro (48)";1821
"35-44 anni";"Giambellino (49)";4370
"35-44 anni";"Porta Genova (50)";1955
"35-44 anni";"Porta Magenta (51)";3248
"35-44 anni";"Bande Nere (52)";5955
"35-44 anni";"Lorenteggio (53)";1822
"35-44 anni";"Muggiano (54)";379
"35-44 anni";"Baggio - Q.re degli Olmi - Q.re Valsesia (55)";3544
"35-44 anni";"Forze Armate (56)";3241
"35-44 anni";"San Siro (57)";3940
"35-44 anni";"De Angeli - Monte Rosa (58)";2746
"35-44 anni";"Tre Torri (59)";283
"35-44 anni";"Stadio - Ippodromi (60)";1428
"35-44 anni";"Quarto Cagnino (61)";1104
"35-44 anni";"Quinto Romano (62)";442
"35-44 anni";"Figino (63)";336
"35-44 anni";"Trenno (64)";354
"35-44 anni";"Q.re Gallaratese - Q.re San Leonardo - Lampugnano (65)";3263
"35-44 anni";"QT 8 (66)";464
"35-44 anni";"Portello (67)";1253
"35-44 anni";"Pagano (68)";2055
"35-44 anni";"Sarpi (69)";4982
"35-44 anni";"Ghisolfa (70)";2749
"35-44 anni";"Villapizzone - Cagnola - Boldinasco (71)";6235
"35-44 anni";"Maggiore - Musocco - Certosa (72)";1386
"35-44 anni";"Cascina Merlata (73)";269
"35-44 anni";"Roserio (74)";33
"35-44 anni";"Stephenson (75)";21
"35-44 anni";"Quarto Oggiaro - Vialba - Musocco (76)";3638
"35-44 anni";"Bovisa (77)";2340
"35-44 anni";"Farini (78)";682
"35-44 anni";"Dergano (79)";3895
"35-44 anni";"Affori (80)";4072
"35-44 anni";"Bovisasca (81)";797
"35-44 anni";"Comasina (82)";1405
"35-44 anni";"Bruzzano (83)";1766
"35-44 anni";"Parco Nord (84)";17
"35-44 anni";"Parco delle Abbazie (85)";61
"35-44 anni";"Parco dei Navigli (86)";44
"35-44 anni";"Assiano (87)";23
"35-44 anni";"Parco Bosco in citta' (88)";91
"45-54 anni";"Duomo (1)";2683
"45-54 anni";"Brera (2)";3012
"45-54 anni";"Giardini P.ta Venezia (3)";7
"45-54 anni";"Guastalla (4)";2436
"45-54 anni";"Porta Vigentina - Porta Lodovica (5)";2066
"45-54 anni";"Porta Ticinese - Conca del Naviglio (6)";3059
"45-54 anni";"Magenta - S.Vittore (7)";2983
"45-54 anni";"Porta Garibaldi - Porta Nuova (9)";949
"45-54 anni";"Stazione Centrale - Ponte Seveso (10)";2834
"45-54 anni";"Isola (11)";3781
"45-54 anni";"Maciachini - Maggiolina (12)";4179
"45-54 anni";"Greco - Segnano (13)";2572
"45-54 anni";"Niguarda - Ca’ Granda - Prato Centenaro - Q.re Fulvio Testi (14)";5626
"45-54 anni";"Bicocca (15)";1443
"45-54 anni";"Gorla - Precotto (16)";4811
"45-54 anni";"Adriano (17)";2961
"45-54 anni";"Cimiano - Rottole - Q.re Feltre (18)";2872
"45-54 anni";"Padova - Turro - Crescenzago (19)";6222
"45-54 anni";"Loreto - Casoretto - NoLo (20)";7431
"45-54 anni";"Buenos Aires - Porta Venezia - Porta Monforte (21)";9918
"45-54 anni";"Citta' studi (22)";5392
"45-54 anni";"Lambrate - Ortica (23)";2045
"45-54 anni";"Parco Forlanini - Cavriano (24)";204
"45-54 anni";"Corsica (25)";3064
"45-54 anni";"XXII Marzo (26)";5016
"45-54 anni";"Pta Romana (27)";2627
"45-54 anni";"Umbria - Molise - Calvairate (28)";3570
"45-54 anni";"Ortomercato (29)";684
"45-54 anni";"Taliedo - Morsenchio - Q.re Forlanini (30)";3000
"45-54 anni";"Monlue' - Ponte Lambro (31)";867
"45-54 anni";"Triulzo Superiore (32)";287
"45-54 anni";"Rogoredo - Santa Giulia (33)";2241
"45-54 anni";"Chiaravalle (34)";139
"45-54 anni";"Lodi - Corvetto (35)";5717
"45-54 anni";"Scalo Romana (36)";2036
"45-54 anni";"Morivione (37)";1367
"45-54 anni";"Vigentino - Q.re Fatima (38)";2330
"45-54 anni";"Quintosole (39)";230
"45-54 anni";"Ronchetto delle Rane (40)";146
"45-54 anni";"Gratosoglio - Q.re Missaglia - Q.re Terrazze (41)";2661
"45-54 anni";"Stadera - Chiesa Rossa - Q.re Torretta - Conca Fallata (42)";4925
"45-54 anni";"Tibaldi (43)";1758
"45-54 anni";"Porta Ticinese - Conchetta (44)";2778
"45-54 anni";"Moncucco - San Cristoforo (45)";2235
"45-54 anni";"Barona (46)";2139
"45-54 anni";"Cantalupa (47)";107
"45-54 anni";"Ronchetto sul Naviglio - Q.re Lodovico il Moro (48)";2336
"45-54 anni";"Giambellino (49)";5043
"45-54 anni";"Porta Genova (50)";2505
"45-54 anni";"Porta Magenta (51)";4436
"45-54 anni";"Bande Nere (52)";6826
"45-54 anni";"Lorenteggio (53)";2167
"45-54 anni";"Muggiano (54)";702
"45-54 anni";"Baggio - Q.re degli Olmi - Q.re Valsesia (55)";4870
"45-54 anni";"Forze Armate (56)";3899
"45-54 anni";"San Siro (57)";4147
"45-54 anni";"De Angeli - Monte Rosa (58)";3473
"45-54 anni";"Tre Torri (59)";438
"45-54 anni";"Stadio - Ippodromi (60)";2228
"45-54 anni";"Quarto Cagnino (61)";1565
"45-54 anni";"Quinto Romano (62)";727
"45-54 anni";"Figino (63)";387
"45-54 anni";"Trenno (64)";577
"45-54 anni";"Q.re Gallaratese - Q.re San Leonardo - Lampugnano (65)";5062
"45-54 anni";"QT 8 (66)";599
"45-54 anni";"Portello (67)";1376
"45-54 anni";"Pagano (68)";2921
"45-54 anni";"Sarpi (69)";5332
"45-54 anni";"Ghisolfa (70)";2950
"45-54 anni";"Villapizzone - Cagnola - Boldinasco (71)";6933
"45-54 anni";"Maggiore - Musocco - Certosa (72)";1189
"45-54 anni";"Cascina Merlata (73)";265
"45-54 anni";"Roserio (74)";33
"45-54 anni";"Stephenson (75)";23
"45-54 anni";"Quarto Oggiaro - Vialba - Musocco (76)";4849
"45-54 anni";"Bovisa (77)";2208
"45-54 anni";"Farini (78)";685
"45-54 anni";"Dergano (79)";4092
"45-54 anni";"Affori (80)";4376
"45-54 anni";"Bovisasca (81)";1023
"45-54 anni";"Comasina (82)";1483
"45-54 anni";"Bruzzano (83)";1983
"45-54 anni";"Parco Nord (84)";23
"45-54 anni";"Parco delle Abbazie (85)";74
"45-54 anni";"Parco dei Navigli (86)";51
"45-54 anni";"Assiano (87)";38
"45-54 anni";"Parco Bosco in citta' (88)";152
"55-64 anni";"Duomo (1)";2490
"55-64 anni";"Brera (2)";2788
"55-64 anni";"Giardini P.ta Venezia (3)";10
"55-64 anni";"Guastalla (4)";2271
"55-64 anni";"Porta Vigentina - Porta Lodovica (5)";1930
"55-64 anni";"Porta Ticinese - Conca del Naviglio (6)";2693
"55-64 anni";"Magenta - S.Vittore (7)";2549
"55-64 anni";"Porta Garibaldi - Porta Nuova (9)";782
"55-64 anni";"Stazione Centrale - Ponte Seveso (10)";2500
"55-64 anni";"Isola (11)";2989
"55-64 anni";"Maciachini - Maggiolina (12)";3597
"55-64 anni";"Greco - Segnano (13)";2180
"55-64 anni";"Niguarda - Ca’ Granda - Prato Centenaro - Q.re Fulvio Testi (14)";5039
"55-64 anni";"Bicocca (15)";1011
"55-64 anni";"Gorla - Precotto (16)";3771
"55-64 anni";"Adriano (17)";2359
"55-64 anni";"Cimiano - Rottole - Q.re Feltre (18)";2671
"55-64 anni";"Padova - Turro - Crescenzago (19)";4936
"55-64 anni";"Loreto - Casoretto - NoLo (20)";5668
"55-64 anni";"Buenos Aires - Porta Venezia - Porta Monforte (21)";8514
"55-64 anni";"Citta' studi (22)";4940
"55-64 anni";"Lambrate - Ortica (23)";1480
"55-64 anni";"Parco Forlanini - Cavriano (24)";135
"55-64 anni";"Corsica (25)";2704
"55-64 anni";"XXII Marzo (26)";4613
"55-64 anni";"Pta Romana (27)";2244
"55-64 anni";"Umbria - Molise - Calvairate (28)";2955
"55-64 anni";"Ortomercato (29)";521
"55-64 anni";"Taliedo - Morsenchio - Q.re Forlanini (30)";2744
"55-64 anni";"Monlue' - Ponte Lambro (31)";624
"55-64 anni";"Triulzo Superiore (32)";183
"55-64 anni";"Rogoredo - Santa Giulia (33)";1356
"55-64 anni";"Chiaravalle (34)";192
"55-64 anni";"Lodi - Corvetto (35)";4973
"55-64 anni";"Scalo Romana (36)";1488
"55-64 anni";"Morivione (37)";972
"55-64 anni";"Vigentino - Q.re Fatima (38)";1898
"55-64 anni";"Quintosole (39)";189
"55-64 anni";"Ronchetto delle Rane (40)";131
"55-64 anni";"Gratosoglio - Q.re Missaglia - Q.re Terrazze (41)";2846
"55-64 anni";"Stadera - Chiesa Rossa - Q.re Torretta - Conca Fallata (42)";3908
"55-64 anni";"Tibaldi (43)";1427
"55-64 anni";"Porta Ticinese - Conchetta (44)";2066
"55-64 anni";"Moncucco - San Cristoforo (45)";1714
"55-64 anni";"Barona (46)";2363
"55-64 anni";"Cantalupa (47)";80
"55-64 anni";"Ronchetto sul Naviglio - Q.re Lodovico il Moro (48)";2028
"55-64 anni";"Giambellino (49)";4390
"55-64 anni";"Porta Genova (50)";1983
"55-64 anni";"Porta Magenta (51)";3876
"55-64 anni";"Bande Nere (52)";6075
"55-64 anni";"Lorenteggio (53)";1983
"55-64 anni";"Muggiano (54)";472
"55-64 anni";"Baggio - Q.re degli Olmi - Q.re Valsesia (55)";4197
"55-64 anni";"Forze Armate (56)";3459
"55-64 anni";"San Siro (57)";3453
"55-64 anni";"De Angeli - Monte Rosa (58)";3010
"55-64 anni";"Tre Torri (59)";324
"55-64 anni";"Stadio - Ippodromi (60)";1919
"55-64 anni";"Quarto Cagnino (61)";1501
"55-64 anni";"Quinto Romano (62)";833
"55-64 anni";"Figino (63)";316
"55-64 anni";"Trenno (64)";638
"55-64 anni";"Q.re Gallaratese - Q.re San Leonardo - Lampugnano (65)";4662
"55-64 anni";"QT 8 (66)";582
"55-64 anni";"Portello (67)";1169
"55-64 anni";"Pagano (68)";2686
"55-64 anni";"Sarpi (69)";4018
"55-64 anni";"Ghisolfa (70)";2536
"55-64 anni";"Villapizzone - Cagnola - Boldinasco (71)";5638
"55-64 anni";"Maggiore - Musocco - Certosa (72)";786
"55-64 anni";"Cascina Merlata (73)";155
"55-64 anni";"Roserio (74)";36
"55-64 anni";"Stephenson (75)";17
"55-64 anni";"Quarto Oggiaro - Vialba - Musocco (76)";4747
"55-64 anni";"Bovisa (77)";1779
"55-64 anni";"Farini (78)";506
"55-64 anni";"Dergano (79)";2948
"55-64 anni";"Affori (80)";3203
"55-64 anni";"Bovisasca (81)";1044
"55-64 anni";"Comasina (82)";1245
"55-64 anni";"Bruzzano (83)";1632
"55-64 anni";"Parco Nord (84)";15
"55-64 anni";"Parco delle Abbazie (85)";37
"55-64 anni";"Parco dei Navigli (86)";46
"55-64 anni";"Assiano (87)";33
"55-64 anni";"Parco Bosco in citta' (88)";64
"65-74 anni";"Duomo (1)";1700
"65-74 anni";"Brera (2)";1942
"65-74 anni";"Giardini P.ta Venezia (3)";2
"65-74 anni";"Guastalla (4)";1730
"65-74 anni";"Porta Vigentina - Porta Lodovica (5)";1266
"65-74 anni";"Porta Ticinese - Conca del Naviglio (6)";1964
"65-74 anni";"Magenta - S.Vittore (7)";1731
"65-74 anni";"Porta Garibaldi - Porta Nuova (9)";588
"65-74 anni";"Stazione Centrale - Ponte Seveso (10)";1716
"65-74 anni";"Isola (11)";2015
"65-74 anni";"Maciachini - Maggiolina (12)";2743
"65-74 anni";"Greco - Segnano (13)";1347
"65-74 anni";"Niguarda - Ca’ Granda - Prato Centenaro - Q.re Fulvio Testi (14)";3820
"65-74 anni";"Bicocca (15)";735
"65-74 anni";"Gorla - Precotto (16)";2764
"65-74 anni";"Adriano (17)";1436
"65-74 anni";"Cimiano - Rottole - Q.re Feltre (18)";1984
"65-74 anni";"Padova - Turro - Crescenzago (19)";3202
"65-74 anni";"Loreto - Casoretto - NoLo (20)";3597
"65-74 anni";"Buenos Aires - Porta Venezia - Porta Monforte (21)";6539
"65-74 anni";"Citta' studi (22)";3663
"65-74 anni";"Lambrate - Ortica (23)";946
"65-74 anni";"Parco Forlanini - Cavriano (24)";85
"65-74 anni";"Corsica (25)";1970
"65-74 anni";"XXII Marzo (26)";3284
"65-74 anni";"Pta Romana (27)";1540
"65-74 anni";"Umbria - Molise - Calvairate (28)";2211
"65-74 anni";"Ortomercato (29)";331
"65-74 anni";"Taliedo - Morsenchio - Q.re Forlanini (30)";1734
"65-74 anni";"Monlue' - Ponte Lambro (31)";362
"65-74 anni";"Triulzo Superiore (32)";98
"65-74 anni";"Rogoredo - Santa Giulia (33)";800
"65-74 anni";"Chiaravalle (34)";173
"65-74 anni";"Lodi - Corvetto (35)";3457
"65-74 anni";"Scalo Romana (36)";1103
"65-74 anni";"Morivione (37)";693
"65-74 anni";"Vigentino - Q.re Fatima (38)";1541
"65-74 anni";"Quintosole (39)";111
"65-74 anni";"Ronchetto delle Rane (40)";76
"65-74 anni";"Gratosoglio - Q.re Missaglia - Q.re Terrazze (41)";1806
"65-74 anni";"Stadera - Chiesa Rossa - Q.re Torretta - Conca Fallata (42)";2816
"65-74 anni";"Tibaldi (43)";1118
"65-74 anni";"Porta Ticinese - Conchetta (44)";1516
"65-74 anni";"Moncucco - San Cristoforo (45)";1253
"65-74 anni";"Barona (46)";2268
"65-74 anni";"Cantalupa (47)";57
"65-74 anni";"Ronchetto sul Naviglio - Q.re Lodovico il Moro (48)";1497
"65-74 anni";"Giambellino (49)";2843
"65-74 anni";"Porta Genova (50)";1530
"65-74 anni";"Porta Magenta (51)";2697
"65-74 anni";"Bande Nere (52)";4128
"65-74 anni";"Lorenteggio (53)";1303
"65-74 anni";"Muggiano (54)";190
"65-74 anni";"Baggio - Q.re degli Olmi - Q.re Valsesia (55)";3109
"65-74 anni";"Forze Armate (56)";2882
"65-74 anni";"San Siro (57)";2373
"65-74 anni";"De Angeli - Monte Rosa (58)";2168
"65-74 anni";"Tre Torri (59)";210
"65-74 anni";"Stadio - Ippodromi (60)";1236
"65-74 anni";"Quarto Cagnino (61)";1035
"65-74 anni";"Quinto Romano (62)";635
"65-74 anni";"Figino (63)";265
"65-74 anni";"Trenno (64)";612
"65-74 anni";"Q.re Gallaratese - Q.re San Leonardo - Lampugnano (65)";3165
"65-74 anni";"QT 8 (66)";461
"65-74 anni";"Portello (67)";912
"65-74 anni";"Pagano (68)";1771
"65-74 anni";"Sarpi (69)";2787
"65-74 anni";"Ghisolfa (70)";1651
"65-74 anni";"Villapizzone - Cagnola - Boldinasco (71)";3695
"65-74 anni";"Maggiore - Musocco - Certosa (72)";555
"65-74 anni";"Cascina Merlata (73)";39
"65-74 anni";"Roserio (74)";36
"65-74 anni";"Stephenson (75)";10
"65-74 anni";"Quarto Oggiaro - Vialba - Musocco (76)";3250
"65-74 anni";"Bovisa (77)";1128
"65-74 anni";"Farini (78)";323
"65-74 anni";"Dergano (79)";1770
"65-74 anni";"Affori (80)";2098
"65-74 anni";"Bovisasca (81)";833
"65-74 anni";"Comasina (82)";801
"65-74 anni";"Bruzzano (83)";1450
"65-74 anni";"Parco Nord (84)";8
"65-74 anni";"Parco delle Abbazie (85)";26
"65-74 anni";"Parco dei Navigli (86)";26
"65-74 anni";"Assiano (87)";18
"65-74 anni";"Parco Bosco in citta' (88)";44
"75-84 anni";"Duomo (1)";1404
"75-84 anni";"Brera (2)";1629
"75-84 anni";"Giardini P.ta Venezia (3)";3
"75-84 anni";"Guastalla (4)";1413
"75-84 anni";"Porta Vigentina - Porta Lodovica (5)";1235
"75-84 anni";"Porta Ticinese - Conca del Naviglio (6)";1633
"75-84 anni";"Magenta - S.Vittore (7)";1505
"75-84 anni";"Porta Garibaldi - Porta Nuova (9)";413
"75-84 anni";"Stazione Centrale - Ponte Seveso (10)";1350
"75-84 anni";"Isola (11)";1669
"75-84 anni";"Maciachini - Maggiolina (12)";2182
"75-84 anni";"Greco - Segnano (13)";1233
"75-84 anni";"Niguarda - Ca’ Granda - Prato Centenaro - Q.re Fulvio Testi (14)";3881
"75-84 anni";"Bicocca (15)";513
"75-84 anni";"Gorla - Precotto (16)";2513
"75-84 anni";"Adriano (17)";1046
"75-84 anni";"Cimiano - Rottole - Q.re Feltre (18)";1974
"75-84 anni";"Padova - Turro - Crescenzago (19)";2888
"75-84 anni";"Loreto - Casoretto - NoLo (20)";2842
"75-84 anni";"Buenos Aires - Porta Venezia - Porta Monforte (21)";5349
"75-84 anni";"Citta' studi (22)";3394
"75-84 anni";"Lambrate - Ortica (23)";754
"75-84 anni";"Parco Forlanini - Cavriano (24)";33
"75-84 anni";"Corsica (25)";1712
"75-84 anni";"XXII Marzo (26)";2873
"75-84 anni";"Pta Romana (27)";1349
"75-84 anni";"Umbria - Molise - Calvairate (28)";1881
"75-84 anni";"Ortomercato (29)";294
"75-84 anni";"Taliedo - Morsenchio - Q.re Forlanini (30)";1762
"75-84 anni";"Monlue' - Ponte Lambro (31)";279
"75-84 anni";"Triulzo Superiore (32)";46
"75-84 anni";"Rogoredo - Santa Giulia (33)";561
"75-84 anni";"Chiaravalle (34)";87
"75-84 anni";"Lodi - Corvetto (35)";3062
"75-84 anni";"Scalo Romana (36)";752
"75-84 anni";"Morivione (37)";589
"75-84 anni";"Vigentino - Q.re Fatima (38)";1551
"75-84 anni";"Quintosole (39)";33
"75-84 anni";"Ronchetto delle Rane (40)";35
"75-84 anni";"Gratosoglio - Q.re Missaglia - Q.re Terrazze (41)";2095
"75-84 anni";"Stadera - Chiesa Rossa - Q.re Torretta - Conca Fallata (42)";2432
"75-84 anni";"Tibaldi (43)";1014
"75-84 anni";"Porta Ticinese - Conchetta (44)";1203
"75-84 anni";"Moncucco - San Cristoforo (45)";1216
"75-84 anni";"Barona (46)";2027
"75-84 anni";"Cantalupa (47)";42
"75-84 anni";"Ronchetto sul Naviglio - Q.re Lodovico il Moro (48)";1690
"75-84 anni";"Giambellino (49)";2554
"75-84 anni";"Porta Genova (50)";1390
"75-84 anni";"Porta Magenta (51)";2503
"75-84 anni";"Bande Nere (52)";4421
"75-84 anni";"Lorenteggio (53)";1302
"75-84 anni";"Muggiano (54)";158
"75-84 anni";"Baggio - Q.re degli Olmi - Q.re Valsesia (55)";2997
"75-84 anni";"Forze Armate (56)";2468
"75-84 anni";"San Siro (57)";1927
"75-84 anni";"De Angeli - Monte Rosa (58)";1918
"75-84 anni";"Tre Torri (59)";133
"75-84 anni";"Stadio - Ippodromi (60)";1101
"75-84 anni";"Quarto Cagnino (61)";1060
"75-84 anni";"Quinto Romano (62)";474
"75-84 anni";"Figino (63)";155
"75-84 anni";"Trenno (64)";524
"75-84 anni";"Q.re Gallaratese - Q.re San Leonardo - Lampugnano (65)";4467
"75-84 anni";"QT 8 (66)";350
"75-84 anni";"Portello (67)";812
"75-84 anni";"Pagano (68)";1551
"75-84 anni";"Sarpi (69)";2219
"75-84 anni";"Ghisolfa (70)";1326
"75-84 anni";"Villapizzone - Cagnola - Boldinasco (71)";2957
"75-84 anni";"Maggiore - Musocco - Certosa (72)";603
"75-84 anni";"Cascina Merlata (73)";10
"75-84 anni";"Roserio (74)";20
"75-84 anni";"Stephenson (75)";6
"75-84 anni";"Quarto Oggiaro - Vialba - Musocco (76)";2379
"75-84 anni";"Bovisa (77)";835
"75-84 anni";"Farini (78)";228
"75-84 anni";"Dergano (79)";1443
"75-84 anni";"Affori (80)";1919
"75-84 anni";"Bovisasca (81)";761
"75-84 anni";"Comasina (82)";634
"75-84 anni";"Bruzzano (83)";1142
"75-84 anni";"Parco Nord (84)";5
"75-84 anni";"Parco delle Abbazie (85)";14
"75-84 anni";"Parco dei Navigli (86)";12
"75-84 anni";"Assiano (87)";14
"75-84 anni";"Parco Bosco in citta' (88)";32
"85 anni e più";"Duomo (1)";621
"85 anni e più";"Brera (2)";688
"85 anni e più";"Giardini P.ta Venezia (3)";1
"85 anni e più";"Guastalla (4)";692
"85 anni e più";"Porta Vigentina - Porta Lodovica (5)";634
"85 anni e più";"Porta Ticinese - Conca del Naviglio (6)";782
"85 anni e più";"Magenta - S.Vittore (7)";702
"85 anni e più";"Porta Garibaldi - Porta Nuova (9)";204
"85 anni e più";"Stazione Centrale - Ponte Seveso (10)";634
"85 anni e più";"Isola (11)";804
"85 anni e più";"Maciachini - Maggiolina (12)";1216
"85 anni e più";"Greco - Segnano (13)";698
"85 anni e più";"Niguarda - Ca’ Granda - Prato Centenaro - Q.re Fulvio Testi (14)";1807
"85 anni e più";"Bicocca (15)";198
"85 anni e più";"Gorla - Precotto (16)";1086
"85 anni e più";"Adriano (17)";375
"85 anni e più";"Cimiano - Rottole - Q.re Feltre (18)";1243
"85 anni e più";"Padova - Turro - Crescenzago (19)";1551
"85 anni e più";"Loreto - Casoretto - NoLo (20)";1335
"85 anni e più";"Buenos Aires - Porta Venezia - Porta Monforte (21)";2539
"85 anni e più";"Citta' studi (22)";1853
"85 anni e più";"Lambrate - Ortica (23)";417
"85 anni e più";"Parco Forlanini - Cavriano (24)";20
"85 anni e più";"Corsica (25)";998
"85 anni e più";"XXII Marzo (26)";1398
"85 anni e più";"Pta Romana (27)";627
"85 anni e più";"Umbria - Molise - Calvairate (28)";1049
"85 anni e più";"Ortomercato (29)";164
"85 anni e più";"Taliedo - Morsenchio - Q.re Forlanini (30)";1359
"85 anni e più";"Monlue' - Ponte Lambro (31)";92
"85 anni e più";"Triulzo Superiore (32)";14
"85 anni e più";"Rogoredo - Santa Giulia (33)";220
"85 anni e più";"Chiaravalle (34)";30
"85 anni e più";"Lodi - Corvetto (35)";1710
"85 anni e più";"Scalo Romana (36)";321
"85 anni e più";"Morivione (37)";344
"85 anni e più";"Vigentino - Q.re Fatima (38)";634
"85 anni e più";"Quintosole (39)";10
"85 anni e più";"Ronchetto delle Rane (40)";10
"85 anni e più";"Gratosoglio - Q.re Missaglia - Q.re Terrazze (41)";1127
"85 anni e più";"Stadera - Chiesa Rossa - Q.re Torretta - Conca Fallata (42)";1308
"85 anni e più";"Tibaldi (43)";600
"85 anni e più";"Porta Ticinese - Conchetta (44)";583
"85 anni e più";"Moncucco - San Cristoforo (45)";481
"85 anni e più";"Barona (46)";880
"85 anni e più";"Cantalupa (47)";6
"85 anni e più";"Ronchetto sul Naviglio - Q.re Lodovico il Moro (48)";744
"85 anni e più";"Giambellino (49)";1310
"85 anni e più";"Porta Genova (50)";699
"85 anni e più";"Porta Magenta (51)";1234
"85 anni e più";"Bande Nere (52)";2724
"85 anni e più";"Lorenteggio (53)";879
"85 anni e più";"Muggiano (54)";45
"85 anni e più";"Baggio - Q.re degli Olmi - Q.re Valsesia (55)";1469
"85 anni e più";"Forze Armate (56)";1048
"85 anni e più";"San Siro (57)";1076
"85 anni e più";"De Angeli - Monte Rosa (58)";1044
"85 anni e più";"Tre Torri (59)";81
"85 anni e più";"Stadio - Ippodromi (60)";612
"85 anni e più";"Quarto Cagnino (61)";464
"85 anni e più";"Quinto Romano (62)";178
"85 anni e più";"Figino (63)";55
"85 anni e più";"Trenno (64)";145
"85 anni e più";"Q.re Gallaratese - Q.re San Leonardo - Lampugnano (65)";2373
"85 anni e più";"QT 8 (66)";235
"85 anni e più";"Portello (67)";451
"85 anni e più";"Pagano (68)";772
"85 anni e più";"Sarpi (69)";1148
"85 anni e più";"Ghisolfa (70)";816
"85 anni e più";"Villapizzone - Cagnola - Boldinasco (71)";1603
"85 anni e più";"Maggiore - Musocco - Certosa (72)";206
"85 anni e più";"Roserio (74)";6
"85 anni e più";"Stephenson (75)";2
"85 anni e più";"Quarto Oggiaro - Vialba - Musocco (76)";1302
"85 anni e più";"Bovisa (77)";435
"85 anni e più";"Farini (78)";104
"85 anni e più";"Dergano (79)";715
"85 anni e più";"Affori (80)";863
"85 anni e più";"Bovisasca (81)";362
"85 anni e più";"Comasina (82)";325
"85 anni e più";"Bruzzano (83)";491
"85 anni e più";"Parco Nord (84)";2
"85 anni e più";"Parco delle Abbazie (85)";7
"85 anni e più";"Parco dei Navigli (86)";2
"85 anni e più";"Assiano (87)";7
"85 anni e più";"Parco Bosco in citta' (88)";10
